NUMERO,NURAND,NOMBRE,TEXTO,@PRIMERA,@EXTRA 1,@EXTRA 2,@EXTRA 3,@DIBUJOS
1,22,MdPe(HiPn)-X-LdPd,Eme de madera con forma de peine y con textura punzante aplicada con hierro. Sin maza. Apoyado en pedestal de ladrillo.,E:\MMMMMMMM\PRIMERAS\emes1.jpg,E:\MMMMMMMM\SEGUNDAS\1\emes2.jpg,E:\MMMMMMMM\SEGUNDAS\2\emes3.jpg,E:\MMMMMMMM\SEGUNDAS\3\emes4.jpg,E:\MMMMMMMM\DIBUJOS\1.gif
2,38,HiMlLi-HiCyLi-HiCz,Eme de hierro con forma de media luna y con textura lisa. Maza de hierro con forma de cilindro y con textura lisa. Apoyado en cruz de hierro.,E:\MMMMMMMM\PRIMERAS\emes2.jpg,E:\MMMMMMMM\SEGUNDAS\1\emes6.jpg,E:\MMMMMMMM\SEGUNDAS\2\emes7.jpg,E:\MMMMMMMM\SEGUNDAS\3\emes8.jpg,E:\MMMMMMMM\DIBUJOS\2.png
3,63,MdAg(HiPn)-MdGrtRg-Cnt,Eme de madera con forma de agujero y con textura punzante aplicada con hierro. Maza de madera con forma de garrote y con textura rugosa. Apoyado en base continua de madera.,E:\MMMMMMMM\PRIMERAS\emes3.jpg,E:\MMMMMMMM\SEGUNDAS\1\emes10.jpg,E:\MMMMMMMM\SEGUNDAS\2\emes11.jpg,E:\MMMMMMMM\SEGUNDAS\3\emes12.jpg,E:\MMMMMMMM\DIBUJOS\3.gif
4,34,LjCnoAs-LjCnoAs-LjPd,Eme de lija con forma de cono y con textura áspera. Maza de lija con forma de cono y con textura áspera. Apoyado en pedestal de lija.,E:\MMMMMMMM\PRIMERAS\emes4.jpg,E:\MMMMMMMM\SEGUNDAS\1\emes13.jpg,E:\MMMMMMMM\SEGUNDAS\2\emes14.jpg,E:\MMMMMMMM\SEGUNDAS\3\emes15.jpg,E:\MMMMMMMM\DIBUJOS\4.png
5,68,EpPlnPo-EpAmPo-Hi3Do,Eme de esponja con forma plana y con textura porosa. Maza de esponja con forma amorfa y con textura porosa. Apoyado en 3 patas en dolmen de hierro.,E:\MMMMMMMM\PRIMERAS\emes5.jpg,E:\MMMMMMMM\SEGUNDAS\1\emes16.jpg,E:\MMMMMMMM\SEGUNDAS\2\emes17.jpg,E:\MMMMMMMM\SEGUNDAS\3\emes18.jpg,E:\MMMMMMMM\DIBUJOS\5.png
6,31,BtVsLi-X-Bt8Rd,Eme de botella con forma de vaso y con textura lisa. Sin maza. Apoyado en 8 patas radiales de botella.,E:\MMMMMMMM\PRIMERAS\emes6.jpg,E:\MMMMMMMM\SEGUNDAS\1\emes19.jpg,E:\MMMMMMMM\SEGUNDAS\2\emes21.jpg,E:\MMMMMMMM\SEGUNDAS\3\emes22.jpg,E:\MMMMMMMM\DIBUJOS\6.png
7,51,AlCnLi-AlTbLi-AlAr,Eme de aluminio con forma de canal y con textura lisa. Maza de aluminio con forma de tubo y con textura lisa. Apoyado en arco de aluminio.,E:\MMMMMMMM\PRIMERAS\emes7.jpg,E:\MMMMMMMM\SEGUNDAS\1\emes23.jpg,E:\MMMMMMMM\SEGUNDAS\2\emes27.jpg,E:\MMMMMMMM\SEGUNDAS\3\emes24.jpg,E:\MMMMMMMM\DIBUJOS\7.png
8,17,PxMlGr-PxCyGr-Cnt,Eme de porex con forma de media luna y con textura grumosa. Maza de porex con forma de cilindro y con textura grumosa. Apoyado en base continua de porex.,E:\MMMMMMMM\PRIMERAS\emes8.jpg,E:\MMMMMMMM\SEGUNDAS\1\emes28.jpg,E:\MMMMMMMM\SEGUNDAS\2\emes29.jpg,E:\MMMMMMMM\SEGUNDAS\3\emes30.jpg,E:\MMMMMMMM\DIBUJOS\8.png
9,75,HiCcLi-X-Hi2Do,Eme de hierro con forma cóncava y con textura lisa. Sin maza. Apoyado en 2 patas en dolmen de hierro.,E:\MMMMMMMM\PRIMERAS\emes9.jpg,E:\MMMMMMMM\SEGUNDAS\1\emes32.jpg,E:\MMMMMMMM\SEGUNDAS\2\emes33.jpg,E:\MMMMMMMM\SEGUNDAS\3\emes34.jpg,E:\MMMMMMMM\DIBUJOS\9.gif
10,83,EaCnoEt-X-Cnt,Eme de espuma alta densidad con forma de cono y con textura estriada. Sin maza. Apoyado en base continua de espuma alta densidad.,E:\MMMMMMMM\PRIMERAS\emes10.jpg,E:\MMMMMMMM\SEGUNDAS\1\emes37.jpg,E:\MMMMMMMM\SEGUNDAS\2\emes39.jpg,E:\MMMMMMMM\SEGUNDAS\3\emes36.jpg,E:\MMMMMMMM\DIBUJOS\10.gif
11,101,BdPlnLi-AlCyEt-Md4Do,Eme de baldosa con forma plana y con textura lisa. Maza de aluminio con forma de cilindro y con textura estriada. Apoyado en 4 patas en dolmen de madera.,E:\MMMMMMMM\PRIMERAS\emes11.jpg,E:\MMMMMMMM\SEGUNDAS\1\emes41.jpg,E:\MMMMMMMM\SEGUNDAS\2\emes45.jpg,E:\MMMMMMMM\SEGUNDAS\3\emes43.jpg,E:\MMMMMMMM\DIBUJOS\11.png
12,36,CtCcRg-X-CtPd,Eme de cartón con forma cóncava y con textura rugosa. Sin maza. Apoyado en pedestal de cartón.,E:\MMMMMMMM\PRIMERAS\emes12.jpg,E:\MMMMMMMM\SEGUNDAS\1\emes46.jpg,E:\MMMMMMMM\SEGUNDAS\2\emes47.jpg,E:\MMMMMMMM\SEGUNDAS\3\emes48.jpg,E:\MMMMMMMM\DIBUJOS\12.png
13,84,PvMl(LjAs)-PvCyLi-MdPd,Eme de pvc con forma de media luna y con textura áspera aplicada con lija. Maza de pvc con forma de cilindro y con textura lisa. Apoyado en pedestal de madera.,E:\MMMMMMMM\PRIMERAS\emes13.jpg,E:\MMMMMMMM\SEGUNDAS\1\emes51.jpg,E:\MMMMMMMM\SEGUNDAS\2\emes52.jpg,E:\MMMMMMMM\SEGUNDAS\3\emes55.jpg,E:\MMMMMMMM\DIBUJOS\13.gif
14,30,EbHdPo-X-Md2Do,Eme de espuma blanda con forma de hendidura y con textura porosa. Sin maza. Apoyado en 2 patas en dolmen de madera.,E:\MMMMMMMM\PRIMERAS\emes14.jpg,E:\MMMMMMMM\SEGUNDAS\1\emes59.jpg,E:\MMMMMMMM\SEGUNDAS\2\emes57.jpg,E:\MMMMMMMM\SEGUNDAS\3\emes56.jpg,E:\MMMMMMMM\DIBUJOS\14.png
15,6,CtCcRg-X-Md4Fs,Eme de cartón con forma cóncava y con textura rugosa. Sin maza. Apoyado en 4 patas fasciculadas de madera.,E:\MMMMMMMM\PRIMERAS\emes15.jpg,E:\MMMMMMMM\SEGUNDAS\1\emes61.jpg,E:\MMMMMMMM\SEGUNDAS\2\emes63.jpg,E:\MMMMMMMM\SEGUNDAS\3\emes64.jpg,E:\MMMMMMMM\DIBUJOS\15.png
16,85,MdPln(HiPn)-X-Md2Do,Eme de madera con forma plana y con textura punzante aplicada con hierro. Sin maza. Apoyado en 2 patas en dolmen de madera.,E:\MMMMMMMM\PRIMERAS\emes16.jpg,E:\MMMMMMMM\SEGUNDAS\1\emes66.jpg,E:\MMMMMMMM\SEGUNDAS\2\emes68.jpg,E:\MMMMMMMM\SEGUNDAS\3\emes65.jpg,E:\MMMMMMMM\DIBUJOS\16.png
17,55,BtAg(AlAp)-X-Bt4Ra,Eme de botella con forma de agujero y con textura ampollada aplicada con aluminio. Sin maza. Apoyado en 4 patas radiales de botella.,E:\MMMMMMMM\PRIMERAS\emes17.jpg,E:\MMMMMMMM\SEGUNDAS\1\emes70.jpg,E:\MMMMMMMM\SEGUNDAS\2\emes71.jpg,E:\MMMMMMMM\SEGUNDAS\3\emes72.jpg,E:\MMMMMMMM\DIBUJOS\17.png
18,47,MdPln(HiSr)-Md(HiSr)-Md2Do,Eme de madera con forma plana y con textura serrada aplicada con hierro. Maza de madera con forma plana y con textura serrada aplicada con hierro. Apoyado en 2 patas en dolmen de madera.,E:\MMMMMMMM\PRIMERAS\emes18.jpg,E:\MMMMMMMM\SEGUNDAS\1\emes73.jpg,E:\MMMMMMMM\SEGUNDAS\2\emes75.jpg,E:\MMMMMMMM\SEGUNDAS\3\emes74.jpg,E:\MMMMMMMM\DIBUJOS\18.png
19,104,LjCnoAs-LjCnoAs-CtPd,Eme de lija con forma de cono y con textura áspera. Maza de lija con forma de cono y con textura áspera. Apoyado en pedestal de cartón.,E:\MMMMMMMM\PRIMERAS\emes19.jpg,E:\MMMMMMMM\SEGUNDAS\1\emes81.jpg,E:\MMMMMMMM\SEGUNDAS\2\emes80.jpg,E:\MMMMMMMM\SEGUNDAS\3\emes78.jpg,E:\MMMMMMMM\DIBUJOS\19.png
20,48,MdCn(LjAs)-MdLi -Md2Do,Eme de madera con forma de canal y con textura áspera aplicada con lija. Maza de madera con forma lisa. Apoyado en 2 patas en dolmen de madera.,E:\MMMMMMMM\PRIMERAS\emes20.jpg,E:\MMMMMMMM\SEGUNDAS\1\emes87.jpg,E:\MMMMMMMM\SEGUNDAS\2\emes83.jpg,E:\MMMMMMMM\SEGUNDAS\3\emes86.jpg,E:\MMMMMMMM\DIBUJOS\20.gif
21,71,PvMlLi-X-Hi3Fs,Eme de pvc con forma de media luna y con textura lisa. Sin maza. Apoyado en 3 patas fasciculadas de hierro.,E:\MMMMMMMM\PRIMERAS\emes21.jpg,E:\MMMMMMMM\SEGUNDAS\1\emes88.jpg,E:\MMMMMMMM\SEGUNDAS\2\emes90.jpg,E:\MMMMMMMM\SEGUNDAS\3\emes91.jpg,E:\MMMMMMMM\DIBUJOS\21.png
22,74,MdMl(HiPn)-X-MdCnt,Eme de madera con forma de media luna y con textura punzante aplicada con hierro. Sin maza. Apoyado en base continua de madera.,E:\MMMMMMMM\PRIMERAS\emes22.jpg,E:\MMMMMMMM\SEGUNDAS\1\emes92.jpg,E:\MMMMMMMM\SEGUNDAS\2\emes94.jpg,E:\MMMMMMMM\SEGUNDAS\3\emes95.jpg,E:\MMMMMMMM\DIBUJOS\22.png
23,4,MdAgLi-MdCyLi-MdCnt,Eme de madera con forma de agujero y con textura lisa. Maza de madera con forma de cilindro y con textura lisa. Apoyado en base continua de madera.,E:\MMMMMMMM\PRIMERAS\emes23.jpg,E:\MMMMMMMM\SEGUNDAS\1\emes97.jpg,E:\MMMMMMMM\SEGUNDAS\2\emes98.jpg,E:\MMMMMMMM\SEGUNDAS\3\emes99.jpg,E:\MMMMMMMM\DIBUJOS\23.png
24,53,HiTbLi-HiPaLi-HiPd,Eme de hierro con forma de tubo y con textura lisa. Maza de hierro con forma de palo y con textura lisa. Apoyado en pedestal de hierro.,E:\MMMMMMMM\PRIMERAS\emes24.jpg,E:\MMMMMMMM\SEGUNDAS\1\emes100.jpg,E:\MMMMMMMM\SEGUNDAS\2\emes101.jpg,E:\MMMMMMMM\SEGUNDAS\3\emes102.jpg,E:\MMMMMMMM\DIBUJOS\24.png
25,46,TcVj(EsLi)-X-Tc8Rd,Eme de terracota con forma de vasija y con textura lisa aplicada con esmalte. Sin maza. Apoyado en 8 patas radiales de terracota.,E:\MMMMMMMM\PRIMERAS\emes25.jpg,E:\MMMMMMMM\SEGUNDAS\1\emes106.jpg,E:\MMMMMMMM\SEGUNDAS\2\emes105.jpg,E:\MMMMMMMM\SEGUNDAS\3\emes107.jpg,E:\MMMMMMMM\DIBUJOS\25.png
26,23,LjPlnAs-MdCy(LjAs)-CtPd,Eme de lija con forma plana y con textura áspera. Maza de madera con forma de cilindro y con textura áspera aplicada con lija. Apoyado en pedestal de cartón.,E:\MMMMMMMM\PRIMERAS\emes26.jpg,E:\MMMMMMMM\SEGUNDAS\1\emes114.jpg,E:\MMMMMMMM\SEGUNDAS\2\emes112.jpg,E:\MMMMMMMM\SEGUNDAS\3\emes110.jpg,E:\MMMMMMMM\DIBUJOS\26.png
27,79,LdAg(PlGr)-X-Cnt,Eme de ladrillo con forma de agujero y con textura grumosa aplicada con plástico. Sin maza. Apoyado en base continua de ladrillo.,E:\MMMMMMMM\PRIMERAS\emes27.jpg,E:\MMMMMMMM\SEGUNDAS\1\emes119.jpg,E:\MMMMMMMM\SEGUNDAS\2\emes116.jpg,E:\MMMMMMMM\SEGUNDAS\3\emes118.jpg,E:\MMMMMMMM\DIBUJOS\27.png
28,61,EbHdPo-X-Al4Fs,Eme de espuma blanda con forma de hendidura y con textura porosa. Sin maza. Apoyado en 4 patas fasciculadas de aluminio.,E:\MMMMMMMM\PRIMERAS\emes28.jpg,E:\MMMMMMMM\SEGUNDAS\1\emes124.jpg,E:\MMMMMMMM\SEGUNDAS\2\emes123.jpg,E:\MMMMMMMM\SEGUNDAS\3\emes121.jpg,E:\MMMMMMMM\DIBUJOS\28.png
29,11,PlVsLi-X-Pl4Cz,Eme de plástico con forma de vaso y con textura lisa. Sin maza. Apoyado en cruz de plástico.,E:\MMMMMMMM\PRIMERAS\emes29.jpg,E:\MMMMMMMM\SEGUNDAS\1\emes125.jpg,E:\MMMMMMMM\SEGUNDAS\2\emes126.jpg,E:\MMMMMMMM\SEGUNDAS\3\emes127.jpg,E:\MMMMMMMM\DIBUJOS\29.png
30,105,PlHdLi-X-Pv4Fs,Eme de plástico con forma de hendidura y con textura lisa. Sin maza. Apoyado en 4 patas fasciculadas de pvc.,E:\MMMMMMMM\PRIMERAS\emes30.jpg,E:\MMMMMMMM\SEGUNDAS\1\emes130.jpg,E:\MMMMMMMM\SEGUNDAS\2\emes129.jpg,E:\MMMMMMMM\SEGUNDAS\3\emes128.jpg,E:\MMMMMMMM\DIBUJOS\30.png
31,43,PlVsLi-X-Hi4Rd,Eme de plástico con forma de vaso y con textura lisa. Sin maza. Apoyado en 4 patas radiales de hierro.,E:\MMMMMMMM\PRIMERAS\emes31.jpg,E:\MMMMMMMM\SEGUNDAS\1\emes132.jpg,E:\MMMMMMMM\SEGUNDAS\2\emes133.jpg,E:\MMMMMMMM\SEGUNDAS\3\emes134.jpg,E:\MMMMMMMM\DIBUJOS\31.png
32,29,PlVsLi-X-PlLm,Eme de plástico con forma de vaso y con textura lisa. Sin maza. Apoyado en lámina de plástico.,E:\MMMMMMMM\PRIMERAS\emes32.jpg,E:\MMMMMMMM\SEGUNDAS\1\emes135.jpg,E:\MMMMMMMM\SEGUNDAS\2\emes136.jpg,E:\MMMMMMMM\SEGUNDAS\3\emes137.jpg,E:\MMMMMMMM\DIBUJOS\32.png
33,93,BtCcEt-BtCxEt-BtCnt,Eme de botella con forma cóncava y con textura estriada. Maza de botella con forma convexa y con textura estriada. Apoyado en base continua de botella.,E:\MMMMMMMM\PRIMERAS\emes33.jpg,E:\MMMMMMMM\SEGUNDAS\1\emes143.jpg,E:\MMMMMMMM\SEGUNDAS\2\emes142.jpg,E:\MMMMMMMM\SEGUNDAS\3\emes141.jpg,E:\MMMMMMMM\DIBUJOS\33.png
34,92,PlVsLi-X-AlPd,Eme de plástico con forma de vaso y con textura lisa. Sin maza. Apoyado en pedestal de aluminio.,E:\MMMMMMMM\PRIMERAS\emes34.jpg,E:\MMMMMMMM\SEGUNDAS\1\emes149.jpg,E:\MMMMMMMM\SEGUNDAS\2\emes150.jpg,E:\MMMMMMMM\SEGUNDAS\3\emes151.jpg,E:\MMMMMMMM\DIBUJOS\34.png
35,82,PiVsLi-X-Hi3Fs,Eme de piedra con forma de vaso y con textura lisa. Sin maza. Apoyado en 3 patas fasciculadas de hierro.,E:\MMMMMMMM\PRIMERAS\emes35.jpg,E:\MMMMMMMM\SEGUNDAS\1\emes156.jpg,E:\MMMMMMMM\SEGUNDAS\2\emes154.jpg,E:\MMMMMMMM\SEGUNDAS\3\emes155.jpg,E:\MMMMMMMM\DIBUJOS\35.png
36,81,MdCnLi-MdDiLi-Md4Do,Eme de madera con forma de canal y con textura lisa. Maza de madera con forma de disco y con textura lisa. Apoyado en 4 patas en dolmen de madera.,E:\MMMMMMMM\PRIMERAS\emes36.jpg,E:\MMMMMMMM\SEGUNDAS\1\emes160.jpg,E:\MMMMMMMM\SEGUNDAS\2\emes159.jpg,E:\MMMMMMMM\SEGUNDAS\3\emes157.jpg,E:\MMMMMMMM\DIBUJOS\36.gif
37,95,CmAgAs-MdPa-CmCnt,Eme de cemento con forma de agujero y con textura áspera. Maza de madera con forma de palo. Apoyado en base continua de cemento.,E:\MMMMMMMM\PRIMERAS\emes37.jpg,E:\MMMMMMMM\SEGUNDAS\1\emes166.jpg,E:\MMMMMMMM\SEGUNDAS\2\emes165.jpg,E:\MMMMMMMM\SEGUNDAS\3\emes163.jpg,E:\MMMMMMMM\DIBUJOS\37.png
38,60,EaPln(HiSr)-EaCyPo-EaCnt,Eme de espuma alta densidad con forma plana y con textura serrada aplicada con hierro. Maza de espuma alta densidad con forma de cilindro y con textura porosa. Apoyado en base continua de espuma alta densidad.,E:\MMMMMMMM\PRIMERAS\emes38.jpg,E:\MMMMMMMM\SEGUNDAS\1\emes171.jpg,E:\MMMMMMMM\SEGUNDAS\2\emes169.jpg,E:\MMMMMMMM\SEGUNDAS\3\emes167.jpg,E:\MMMMMMMM\DIBUJOS\38.gif
39,52,EbHdPo-TcEsfLi-MdPd,Eme de espuma blanda con forma de hendidura y con textura porosa. Maza de terracota con forma de esfera y con textura lisa. Apoyado en pedestal de madera.,E:\MMMMMMMM\PRIMERAS\emes39.jpg,E:\MMMMMMMM\SEGUNDAS\1\emes175.jpg,E:\MMMMMMMM\SEGUNDAS\2\emes174.jpg,E:\MMMMMMMM\SEGUNDAS\3\emes173.jpg,E:\MMMMMMMM\DIBUJOS\39.png
40,69,CrVsLi-CrGrtAs-Cr3Rd,Eme de cerámica con forma de vaso y con textura lisa. Maza de cerámica con forma de garrote y con textura áspera. Apoyado en 3 patas radiales de cerámica.,E:\MMMMMMMM\PRIMERAS\emes40.jpg,E:\MMMMMMMM\SEGUNDAS\1\emes179.jpg,E:\MMMMMMMM\SEGUNDAS\2\emes178.jpg,E:\MMMMMMMM\SEGUNDAS\3\emes180.jpg,E:\MMMMMMMM\DIBUJOS\40.png
41,98,HiCcLi-X-Hi3Fs,Eme de hierro con forma cóncava y con textura lisa. Sin maza. Apoyado en 3 patas fasciculadas de hierro.,E:\MMMMMMMM\PRIMERAS\emes41.jpg,E:\MMMMMMMM\SEGUNDAS\1\emes187.jpg,E:\MMMMMMMM\SEGUNDAS\2\emes184.jpg,E:\MMMMMMMM\SEGUNDAS\3\emes185.jpg,E:\MMMMMMMM\DIBUJOS\41.png
42,86,EaHdEt-EaCno-Pv4Fs,Eme de espuma alta densidad con forma de hendidura y con textura estriada. Maza de espuma alta densidad con forma de cono. Apoyado en 4 patas fasciculadas de pvc.,E:\MMMMMMMM\PRIMERAS\emes42.jpg,E:\MMMMMMMM\SEGUNDAS\1\emes193.jpg,E:\MMMMMMMM\SEGUNDAS\2\emes188.jpg,E:\MMMMMMMM\SEGUNDAS\3\emes189.jpg,E:\MMMMMMMM\DIBUJOS\42.png
43,88,PlVs-X-PlCnt,Eme de plástico con forma de vaso. Sin maza. Apoyado en base continua de plástico.,E:\MMMMMMMM\PRIMERAS\emes43.jpg,E:\MMMMMMMM\SEGUNDAS\1\emes194.jpg,E:\MMMMMMMM\SEGUNDAS\2\emes195.jpg,E:\MMMMMMMM\SEGUNDAS\3\emes196.jpg,E:\MMMMMMMM\DIBUJOS\43.gif
44,19,EpHdPo-EpEsfPo-Hi3Rd,Eme de esponja con forma de hendidura y con textura porosa. Maza de esponja con forma de esfera y con textura porosa. Apoyado en 3 patas radiales de hierro.,E:\MMMMMMMM\PRIMERAS\emes44.jpg,E:\MMMMMMMM\SEGUNDAS\1\emes199.jpg,E:\MMMMMMMM\SEGUNDAS\2\emes202.jpg,E:\MMMMMMMM\SEGUNDAS\3\emes201.jpg,E:\MMMMMMMM\DIBUJOS\44.png
45,5,TcVjPo-TcEsfPo-Tc,Eme de terracota con forma de vasija y con textura porosa. Maza de terracota con forma de esfera y con textura porosa. Apoyado en base de terracota.,E:\MMMMMMMM\PRIMERAS\emes45.jpg,E:\MMMMMMMM\SEGUNDAS\1\emes208.jpg,E:\MMMMMMMM\SEGUNDAS\2\emes206.jpg,E:\MMMMMMMM\SEGUNDAS\3\emes203.jpg,E:\MMMMMMMM\DIBUJOS\45.png
46,25,EbCxPo-EbEsfPo-Eb4Cnt,Eme de espuma blanda con forma convexa y con textura porosa. Maza de espuma blanda con forma de esfera y con textura porosa. Apoyado en 4 bases continuas de espuma blanda.,E:\MMMMMMMM\PRIMERAS\emes46.jpg,E:\MMMMMMMM\SEGUNDAS\1\emes210.jpg,E:\MMMMMMMM\SEGUNDAS\2\emes212.jpg,E:\MMMMMMMM\SEGUNDAS\3\emes211.jpg,E:\MMMMMMMM\DIBUJOS\46.png
47,20,AlCcLi-AlCyLi-AlPd,Eme de aluminio con forma cóncava y con textura lisa. Maza de aluminio con forma de cilindro y con textura lisa. Apoyado en pedestal de aluminio.,E:\MMMMMMMM\PRIMERAS\emes47.jpg,E:\MMMMMMMM\SEGUNDAS\1\emes217.jpg,E:\MMMMMMMM\SEGUNDAS\2\emes215.jpg,E:\MMMMMMMM\SEGUNDAS\3\emes218.jpg,E:\MMMMMMMM\DIBUJOS\47.gif
48,67,MdPlnLi-MdDiLi-Md14Fs,Eme de madera con forma plana y con textura lisa. Maza de madera con forma de disco y con textura lisa. Apoyado en 14 patas fasciculadas de madera.,E:\MMMMMMMM\PRIMERAS\emes48.jpg,E:\MMMMMMMM\SEGUNDAS\1\emes222.jpg,E:\MMMMMMMM\SEGUNDAS\2\emes219.jpg,E:\MMMMMMMM\SEGUNDAS\3\emes224.jpg,E:\MMMMMMMM\DIBUJOS\48.png
49,89,AlCcLi-X-Al4Rd,Eme de aluminio con forma cóncava y con textura lisa. Sin maza. Apoyado en 4 patas radiales de aluminio.,E:\MMMMMMMM\PRIMERAS\emes49.jpg,E:\MMMMMMMM\SEGUNDAS\1\emes227.jpg,E:\MMMMMMMM\SEGUNDAS\2\emes226.jpg,E:\MMMMMMMM\SEGUNDAS\3\emes228.jpg,E:\MMMMMMMM\DIBUJOS\49.png
50,62,MdCyLi-MdPaLi-Md3Rd,Eme de madera con forma de cilindro y con textura lisa. Maza de madera con forma de palo y con textura lisa. Apoyado en 3 patas radiales de madera.,E:\MMMMMMMM\PRIMERAS\emes50.jpg,E:\MMMMMMMM\SEGUNDAS\1\emes230.jpg,E:\MMMMMMMM\SEGUNDAS\2\emes232.jpg,E:\MMMMMMMM\SEGUNDAS\3\emes229.jpg,E:\MMMMMMMM\DIBUJOS\50.png
51,99,EbHd(LjAs)-EbCyPo-Al3Rd,Eme de espuma blanda con forma de hendidura y con textura áspera aplicada con lija. Maza de espuma blanda con forma de cilindro y con textura porosa. Apoyado en 3 patas radiales de aluminio.,E:\MMMMMMMM\PRIMERAS\emes51.jpg,E:\MMMMMMMM\SEGUNDAS\1\emes237.jpg,E:\MMMMMMMM\SEGUNDAS\2\emes234.jpg,E:\MMMMMMMM\SEGUNDAS\3\emes235.jpg,E:\MMMMMMMM\DIBUJOS\51.png
52,3,MdPlnDn-MdEtmDn-MdCnt,Eme de madera con forma plana y con textura dentada. Maza de madera con forma estrellada y con textura dentada. Apoyado en base continua de madera.,E:\MMMMMMMM\PRIMERAS\emes52.jpg,E:\MMMMMMMM\SEGUNDAS\1\emes241.jpg,E:\MMMMMMMM\SEGUNDAS\2\emes242.jpg,E:\MMMMMMMM\SEGUNDAS\3\emes238.jpg,E:\MMMMMMMM\DIBUJOS\52.png
53,16,AlCcLi-AlGrtyLi-Al3Fs,Eme de aluminio con forma cóncava y con textura lisa. Maza de aluminio con forma de garrote y con textura lisa. Apoyado en 3 patas fasciculadas de aluminio.,E:\MMMMMMMM\PRIMERAS\emes53.jpg,E:\MMMMMMMM\SEGUNDAS\1\emes246.jpg,E:\MMMMMMMM\SEGUNDAS\2\emes243.jpg,E:\MMMMMMMM\SEGUNDAS\3\emes244.jpg,E:\MMMMMMMM\DIBUJOS\53.png
54,58,MdCy(MdPn)-MdPaPn-MdCnt,Eme de madera con forma de cilindro y con textura punzante aplicada con madera. Maza de madera con forma de palo y con textura punzante. Apoyado en base continua de madera.,E:\MMMMMMMM\PRIMERAS\emes54.jpg,E:\MMMMMMMM\SEGUNDAS\1\emes247.jpg,E:\MMMMMMMM\SEGUNDAS\2\emes248.jpg,E:\MMMMMMMM\SEGUNDAS\3\emes249.jpg,E:\MMMMMMMM\DIBUJOS\54.png
55,59,TcToPo-TcGrtPo-Tc,Eme de terracota con forma de toroide y con textura porosa. Maza de terracota con forma de garrote y con textura porosa. Apoyado en base de terracota.,E:\MMMMMMMM\PRIMERAS\emes55.jpg,E:\MMMMMMMM\SEGUNDAS\1\emes253.jpg,E:\MMMMMMMM\SEGUNDAS\2\emes256.jpg,E:\MMMMMMMM\SEGUNDAS\3\emes252.jpg,E:\MMMMMMMM\DIBUJOS\55.png
56,100,AlCyLi-AlCyLi-Al4Do,Eme de aluminio con forma de cilindro y con textura lisa. Maza de aluminio con forma de cilindro y con textura lisa. Apoyado en 4 patas en dolmen de aluminio.,E:\MMMMMMMM\PRIMERAS\emes56.jpg,E:\MMMMMMMM\SEGUNDAS\1\emes262.jpg,E:\MMMMMMMM\SEGUNDAS\2\emes264.jpg,E:\MMMMMMMM\SEGUNDAS\3\emes260.jpg,E:\MMMMMMMM\DIBUJOS\56.png
57,109,PlCcLi-MdEsfLi-CtPd,Eme de plástico con forma cóncava y con textura lisa. Maza de madera con forma de esfera y con textura lisa. Apoyado en pedestal de cartón.,E:\MMMMMMMM\PRIMERAS\emes57.jpg,E:\MMMMMMMM\SEGUNDAS\1\emes267.jpg,E:\MMMMMMMM\SEGUNDAS\2\emes269.jpg,E:\MMMMMMMM\SEGUNDAS\3\emes270.jpg,E:\MMMMMMMM\DIBUJOS\57.gif
58,91,EbVs(RsAs)-X-EbCnt,Eme de espuma blanda con forma de vaso y con textura áspera aplicada con resina. Sin maza. Apoyado en base continua de espuma blanda.,E:\MMMMMMMM\PRIMERAS\emes58.jpg,E:\MMMMMMMM\SEGUNDAS\1\emes271.jpg,E:\MMMMMMMM\SEGUNDAS\2\emes273.jpg,E:\MMMMMMMM\SEGUNDAS\3\emes274.jpg,E:\MMMMMMMM\DIBUJOS\58.png
59,15,PvMlLi-PvCyLi-MdPd,Eme de pvc con forma de media luna y con textura lisa. Maza de pvc con forma de cilindro y con textura lisa. Apoyado en pedestal de madera.,E:\MMMMMMMM\PRIMERAS\emes59.jpg,E:\MMMMMMMM\SEGUNDAS\1\emes278.jpg,E:\MMMMMMMM\SEGUNDAS\2\emes277.jpg,E:\MMMMMMMM\SEGUNDAS\3\emes280.jpg,E:\MMMMMMMM\DIBUJOS\59.png
60,45,CtCc(Ys+HiPn)-X-EbPd,Eme de cartón con forma cóncava y con textura punzante aplicada con yeso y hierro. Sin maza. Apoyado en pedestal de espuma blanda.,E:\MMMMMMMM\PRIMERAS\emes60.jpg,E:\MMMMMMMM\SEGUNDAS\1\emes287.jpg,E:\MMMMMMMM\SEGUNDAS\2\emes282.jpg,E:\MMMMMMMM\SEGUNDAS\3\emes285.jpg,E:\MMMMMMMM\DIBUJOS\60.png
61,14,MdMl(HiPn)-MdCxLi-MdCnt,Eme de madera con forma de media luna y con textura punzante aplicada con hierro. Maza de madera con forma convexa y con textura lisa. Apoyado en base continua de madera.,E:\MMMMMMMM\PRIMERAS\emes61.jpg,E:\MMMMMMMM\SEGUNDAS\1\emes291.jpg,E:\MMMMMMMM\SEGUNDAS\2\emes289.jpg,E:\MMMMMMMM\SEGUNDAS\3\emes292.jpg,E:\MMMMMMMM\DIBUJOS\61.png
62,78,PxVsPo-PxGrtPo-Px4Do,Eme de porex con forma de vaso y con textura porosa. Maza de porex con forma de garrote y con textura porosa. Apoyado en 4 patas en dolmen de porex.,E:\MMMMMMMM\PRIMERAS\emes62.jpg,E:\MMMMMMMM\SEGUNDAS\1\emes296.jpg,E:\MMMMMMMM\SEGUNDAS\2\emes299.jpg,E:\MMMMMMMM\SEGUNDAS\3\emes298.jpg,E:\MMMMMMMM\DIBUJOS\62.png
63,35,AlPlnLi-AlCyEt-Al3Fs,Eme de aluminio con forma plana y con textura lisa. Maza de aluminio con forma de cilindro y con textura estriada. Apoyado en 3 patas fasciculadas de aluminio.,E:\MMMMMMMM\PRIMERAS\emes63.jpg,E:\MMMMMMMM\SEGUNDAS\1\emes303.jpg,E:\MMMMMMMM\SEGUNDAS\2\emes304.jpg,E:\MMMMMMMM\SEGUNDAS\3\emes301.jpg,E:\MMMMMMMM\DIBUJOS\63.png
64,8,Tl+RsVsRg-X-Tl+RsCnt,Eme de tela y resina con forma de vaso y con textura rugosa. Sin maza. Apoyado en base continua de tela y resina.,E:\MMMMMMMM\PRIMERAS\emes64.jpg,E:\MMMMMMMM\SEGUNDAS\1\emes307.jpg,E:\MMMMMMMM\SEGUNDAS\2\emes309.jpg,E:\MMMMMMMM\SEGUNDAS\3\emes310.jpg,E:\MMMMMMMM\DIBUJOS\64.png
65,24,GmAgEt-MdPaLi-MdPd,Eme de goma con forma de agujero y con textura estriada. Maza de madera con forma de palo y con textura lisa. Apoyado en pedestal de madera.,E:\MMMMMMMM\PRIMERAS\emes65.jpg,E:\MMMMMMMM\SEGUNDAS\1\emes312.jpg,E:\MMMMMMMM\SEGUNDAS\2\emes314.jpg,E:\MMMMMMMM\SEGUNDAS\3\emes317.jpg,E:\MMMMMMMM\DIBUJOS\65.gif
66,40,PvMlLi-X-AlCz,Eme de pvc con forma de media luna y con textura lisa. Sin maza. Apoyado en cruz de aluminio.,E:\MMMMMMMM\PRIMERAS\emes66.jpg,E:\MMMMMMMM\SEGUNDAS\1\emes322.jpg,E:\MMMMMMMM\SEGUNDAS\2\emes321.jpg,E:\MMMMMMMM\SEGUNDAS\3\emes320.jpg,E:\MMMMMMMM\DIBUJOS\66.gif
67,106,HiCcPo-EuGrtLi-EuPd,Eme de hierro con forma cóncava y con textura porosa. Maza de espuma poliuretano con forma de garrote y con textura lisa. Apoyado en pedestal de espuma poliuretano.,E:\MMMMMMMM\PRIMERAS\emes67.jpg,E:\MMMMMMMM\SEGUNDAS\1\emes326.jpg,E:\MMMMMMMM\SEGUNDAS\2\emes328.jpg,E:\MMMMMMMM\SEGUNDAS\3\emes330.jpg,E:\MMMMMMMM\DIBUJOS\67.png
68,13,CtCcRg-X-CtPd,Eme de cartón con forma cóncava y con textura rugosa. Sin maza. Apoyado en pedestal de cartón.,E:\MMMMMMMM\PRIMERAS\emes68.jpg,E:\MMMMMMMM\SEGUNDAS\1\emes331.jpg,E:\MMMMMMMM\SEGUNDAS\2\emes334.jpg,E:\MMMMMMMM\SEGUNDAS\3\emes332.jpg,E:\MMMMMMMM\DIBUJOS\68.png
69,64,LdPlnRg-MdMrLi-Ld2Pd,Eme de ladrillo con forma plana y con textura rugosa. Maza de madera con forma de martillo y con textura lisa. Apoyado en 2 pedestales de ladrillo.,E:\MMMMMMMM\PRIMERAS\emes69.jpg,E:\MMMMMMMM\SEGUNDAS\1\emes338.jpg,E:\MMMMMMMM\SEGUNDAS\2\emes342.jpg,E:\MMMMMMMM\SEGUNDAS\3\emes343.jpg,E:\MMMMMMMM\DIBUJOS\69.png
70,33,PvVsLi-PvGrtLi-PvPd,Eme de pvc con forma de vaso y con textura lisa. Maza de pvc con forma de garrote y con textura lisa. Apoyado en pedestal de pvc.,E:\MMMMMMMM\PRIMERAS\emes70.jpg,E:\MMMMMMMM\SEGUNDAS\1\emes344.jpg,E:\MMMMMMMM\SEGUNDAS\2\emes347.jpg,E:\MMMMMMMM\SEGUNDAS\3\emes346.jpg,E:\MMMMMMMM\DIBUJOS\70.png
71,70,Eb+RsAs-X-Sb,Eme de espuma blanda y resina con textura áspera. Sin maza. Apoyado directamente en el suelo.,E:\MMMMMMMM\PRIMERAS\emes71.jpg,E:\MMMMMMMM\SEGUNDAS\1\emes351.jpg,E:\MMMMMMMM\SEGUNDAS\2\emes350.jpg,E:\MMMMMMMM\SEGUNDAS\3\emes354.jpg,E:\MMMMMMMM\DIBUJOS\71.png
72,76,TcPln(EsLi)-TcEsfLi-Tc2Do,Eme de terracota con forma plana y con textura lisa aplicada con esmalte. Maza de terracota con forma de esfera y con textura lisa. Apoyado en 2 patas en dolmen de terracota.,E:\MMMMMMMM\PRIMERAS\emes72.jpg,E:\MMMMMMMM\SEGUNDAS\1\emes357.jpg,E:\MMMMMMMM\SEGUNDAS\2\emes358.jpg,E:\MMMMMMMM\SEGUNDAS\3\emes360.jpg,E:\MMMMMMMM\DIBUJOS\72.png
73,41,HiMd(SiAp)-HiCy-HiPd,Eme de hierro con forma media y con textura ampollada aplicada con silicona. Maza de hierro con forma de cilindro. Apoyado en pedestal de hierro.,E:\MMMMMMMM\PRIMERAS\emes73.jpg,E:\MMMMMMMM\SEGUNDAS\1\emes364.jpg,E:\MMMMMMMM\SEGUNDAS\2\emes363.jpg,E:\MMMMMMMM\SEGUNDAS\3\emes366.jpg,E:\MMMMMMMM\DIBUJOS\73.png
74,50,MdVs(HiPn)-X-MdCz,Eme de madera con forma de vaso y con textura punzante aplicada con hierro. Sin maza. Apoyado en cruz de madera.,E:\MMMMMMMM\PRIMERAS\emes74.jpg,E:\MMMMMMMM\SEGUNDAS\1\emes369.jpg,E:\MMMMMMMM\SEGUNDAS\2\emes368.jpg,E:\MMMMMMMM\SEGUNDAS\3\emes370.jpg,E:\MMMMMMMM\DIBUJOS\74.gif
75,32,TcDn(EsLi)-TcDn(EsLi)-Cnt,Eme de terracota con forma dentada y con textura lisa aplicada con esmalte. Maza de terracota con forma dentada y con textura lisa aplicada con esmalte. Apoyado en base continua de terracota.,E:\MMMMMMMM\PRIMERAS\emes75.jpg,E:\MMMMMMMM\SEGUNDAS\1\emes373.jpg,E:\MMMMMMMM\SEGUNDAS\2\emes377.jpg,E:\MMMMMMMM\SEGUNDAS\3\emes375.jpg,E:\MMMMMMMM\DIBUJOS\75.gif
76,73,HiVjLi-HiPaLi-Sb,Eme de hierro con forma de vasija y con textura lisa. Maza de hierro con forma de palo y con textura lisa. Apoyado directamente en el suelo.,E:\MMMMMMMM\PRIMERAS\emes76.jpg,E:\MMMMMMMM\SEGUNDAS\1\emes379.jpg,E:\MMMMMMMM\SEGUNDAS\2\emes380.jpg,E:\MMMMMMMM\SEGUNDAS\3\emes381.jpg,E:\MMMMMMMM\DIBUJOS\76.png
77,56,Et+CmPlnRg-X-Cnt,Eme de esparto y cemento con forma plana y con textura rugosa. Sin maza. Apoyado en base continua de esparto y cemento.,E:\MMMMMMMM\PRIMERAS\emes77.jpg,E:\MMMMMMMM\SEGUNDAS\1\emes383.jpg,E:\MMMMMMMM\SEGUNDAS\2\emes384.jpg,E:\MMMMMMMM\SEGUNDAS\3\emes385.jpg,E:\MMMMMMMM\DIBUJOS\77.png
78,9,EpHdPo-HiPaLi-Hi4Rd,Eme de esponja con forma de hendidura y con textura porosa. Maza de hierro con forma de palo y con textura lisa. Apoyado en 4 patas radiales de hierro.,E:\MMMMMMMM\PRIMERAS\emes78.jpg,E:\MMMMMMMM\SEGUNDAS\1\emes388.jpg,E:\MMMMMMMM\SEGUNDAS\2\emes389.jpg,E:\MMMMMMMM\SEGUNDAS\3\emes390.jpg,E:\MMMMMMMM\DIBUJOS\78.png
79,107,MdCy(HiPn)-MdCy(HiPn)-Cnt,Eme de madera con forma de cilindro y con textura punzante aplicada con hierro. Maza de madera con forma de cilindro y con textura punzante aplicada con hierro. Apoyado en base continua de madera.,E:\MMMMMMMM\PRIMERAS\emes79.jpg,E:\MMMMMMMM\SEGUNDAS\1\emes394.jpg,E:\MMMMMMMM\SEGUNDAS\2\emes396.jpg,E:\MMMMMMMM\SEGUNDAS\3\emes397.jpg,E:\MMMMMMMM\DIBUJOS\79.png
80,66,TcCnAs-TcDiPo-Cnt,Eme de terracota con forma de canal y con textura áspera. Maza de terracota con forma de disco y con textura porosa. Apoyado en base continua de terracota.,E:\MMMMMMMM\PRIMERAS\emes80.jpg,E:\MMMMMMMM\SEGUNDAS\1\emes399.jpg,E:\MMMMMMMM\SEGUNDAS\2\emes401.jpg,E:\MMMMMMMM\SEGUNDAS\3\emes398.jpg,E:\MMMMMMMM\DIBUJOS\80.png
81,1,HiPln(SiAp)-X-LdPod,Eme de hierro con forma plana y con textura ampollada aplicada con silicona. Sin maza. Apoyado en pedestal de ladrillo.,E:\MMMMMMMM\PRIMERAS\emes81.jpg,E:\MMMMMMMM\SEGUNDAS\1\emes407.jpg,E:\MMMMMMMM\SEGUNDAS\2\emes404.jpg,E:\MMMMMMMM\SEGUNDAS\3\emes403.jpg,E:\MMMMMMMM\DIBUJOS\81.png
82,77,PvAgLi-X-Pv3Rd,Eme de pvc con forma de agujero y con textura lisa. Sin maza. Apoyado en 3 patas radiales de pvc.,E:\MMMMMMMM\PRIMERAS\emes82.jpg,E:\MMMMMMMM\SEGUNDAS\1\emes412.jpg,E:\MMMMMMMM\SEGUNDAS\2\emes411.jpg,E:\MMMMMMMM\SEGUNDAS\3\emes410.jpg,E:\MMMMMMMM\DIBUJOS\82.png
83,18,EoPlnLi-TjLi-Md4Do,Eme de espejo con forma plana y con textura lisa. Maza de tarjeta la caixa con forma de tarjeta y con textura lisa. Apoyado en 4 patas en dolmen de madera.,E:\MMMMMMMM\PRIMERAS\emes83.jpg,E:\MMMMMMMM\SEGUNDAS\1\emes419.jpg,E:\MMMMMMMM\SEGUNDAS\2\emes415.jpg,E:\MMMMMMMM\SEGUNDAS\3\emes416.jpg,E:\MMMMMMMM\DIBUJOS\83.png
84,2,HiCcLi-HiGrtGr-Hi9Fs,Eme de hierro con forma cóncava y con textura lisa. Maza de hierro con forma de garrote y con textura rugosa. Apoyado en 9 patas fasciculadas de hierro.,E:\MMMMMMMM\PRIMERAS\emes84.jpg,E:\MMMMMMMM\SEGUNDAS\1\emes425.jpg,E:\MMMMMMMM\SEGUNDAS\2\emes421.jpg,E:\MMMMMMMM\SEGUNDAS\3\emes423.jpg,E:\MMMMMMMM\DIBUJOS\84.png
85,49,AlMlLi-MdCyLi-Md4Fs,Eme de aluminio con forma de media luna y con textura lisa. Maza de madera con forma de cilindro y con textura lisa. Apoyado en 4 patas fasciculadas de madera.,E:\MMMMMMMM\PRIMERAS\emes85.jpg,E:\MMMMMMMM\SEGUNDAS\1\emes433.jpg,E:\MMMMMMMM\SEGUNDAS\2\emes429.jpg,E:\MMMMMMMM\SEGUNDAS\3\emes430.jpg,E:\MMMMMMMM\DIBUJOS\85.gif
86,39,TcCcPo-TcEsfPo-Cnt,Eme de terracota con forma cóncava y con textura porosa. Maza de terracota con forma de esfera y con textura porosa. Apoyado en base continua de terracota.,E:\MMMMMMMM\PRIMERAS\emes86.jpg,E:\MMMMMMMM\SEGUNDAS\1\emes438.jpg,E:\MMMMMMMM\SEGUNDAS\2\emes439.jpg,E:\MMMMMMMM\SEGUNDAS\3\emes436.jpg,E:\MMMMMMMM\DIBUJOS\86.gif
87,27,CmAg(PxGr)-X-Cm3Rd,Eme de cemento con forma de agujero y con textura grumosa aplicada con porex. Sin maza. Apoyado en 3 patas radiales de cemento.,E:\MMMMMMMM\PRIMERAS\emes87.jpg,E:\MMMMMMMM\SEGUNDAS\1\emes440.jpg,E:\MMMMMMMM\SEGUNDAS\2\emes441.jpg,E:\MMMMMMMM\SEGUNDAS\3\emes437.jpg,E:\MMMMMMMM\DIBUJOS\87.png
88,12,HiCnLi-HiDiLi-Hi2Fs,Eme de hierro con forma de canal y con textura lisa. Maza de hierro con forma de disco y con textura lisa. Apoyado en 2 patas fasciculadas de hierro.,E:\MMMMMMMM\PRIMERAS\emes88.jpg,E:\MMMMMMMM\SEGUNDAS\1\emes442.jpg,E:\MMMMMMMM\SEGUNDAS\2\emes444.jpg,E:\MMMMMMMM\SEGUNDAS\3\emes443.jpg,E:\MMMMMMMM\DIBUJOS\88.gif
89,80,MdMlLi-MdCy(HiGr)-Cnt,Eme de madera con forma de media luna y con textura lisa. Maza de madera con forma de cilindro y con textura grumosa aplicada con hierro. Apoyado en base continua de madera.,E:\MMMMMMMM\PRIMERAS\emes89.jpg,E:\MMMMMMMM\SEGUNDAS\1\emes452.jpg,E:\MMMMMMMM\SEGUNDAS\2\emes449.jpg,E:\MMMMMMMM\SEGUNDAS\3\emes453.jpg,E:\MMMMMMMM\DIBUJOS\89.gif
90,54,TcVsPo-TcGrt(EsLi)-Cnt,Eme de terracota con forma de vaso y con textura porosa. Maza de terracota con forma de garrote y con textura lisa aplicada con esmalte. Apoyado en base continua de terracota.,E:\MMMMMMMM\PRIMERAS\emes90.jpg,E:\MMMMMMMM\SEGUNDAS\1\emes458.jpg,E:\MMMMMMMM\SEGUNDAS\2\emes454.jpg,E:\MMMMMMMM\SEGUNDAS\3\emes456.jpg,E:\MMMMMMMM\DIBUJOS\90.gif
91,10,CtPlnRg-CtPaRg-HiLm,Eme de cartón con forma plana y con textura rugosa. Maza de cartón con forma de palo y con textura rugosa. Apoyado en lámina de hierro.,E:\MMMMMMMM\PRIMERAS\emes91.jpg,E:\MMMMMMMM\SEGUNDAS\1\emes465.jpg,E:\MMMMMMMM\SEGUNDAS\2\emes461.jpg,E:\MMMMMMMM\SEGUNDAS\3\emes460.jpg,E:\MMMMMMMM\DIBUJOS\91.gif
92,108,TcCcAs-AlCyLi-AlPd,Eme de terracota con forma cóncava y con textura áspera. Maza de aluminio con forma de cilindro y con textura lisa. Apoyado en pedestal de aluminio.,E:\MMMMMMMM\PRIMERAS\emes92.jpg,E:\MMMMMMMM\SEGUNDAS\1\emes466.jpg,E:\MMMMMMMM\SEGUNDAS\2\emes467.jpg,E:\MMMMMMMM\SEGUNDAS\3\emes468.jpg,E:\MMMMMMMM\DIBUJOS\92.gif
93,97,BdPlnLi-EuAm-EuPd,Eme de baldosa con forma plana y con textura lisa. Maza de espuma poliuretano con forma amorfa. Apoyado en pedestal de espuma poliuretano.,E:\MMMMMMMM\PRIMERAS\emes93.jpg,E:\MMMMMMMM\SEGUNDAS\1\emes473.jpg,E:\MMMMMMMM\SEGUNDAS\2\emes472.jpg,E:\MMMMMMMM\SEGUNDAS\3\emes469.jpg,E:\MMMMMMMM\DIBUJOS\93.gif
94,103,TcMlRg-X-Hi6Do,Eme de terracota con forma de media luna y con textura rugosa. Sin maza. Apoyado en 6 patas en dolmen de hierro.,E:\MMMMMMMM\PRIMERAS\emes94.jpg,E:\MMMMMMMM\SEGUNDAS\1\emes477.jpg,E:\MMMMMMMM\SEGUNDAS\2\emes476.jpg,E:\MMMMMMMM\SEGUNDAS\3\emes478.jpg,E:\MMMMMMMM\DIBUJOS\94.png
95,65,AlMlLi-AlMrLi-MdDo,Eme de aluminio con forma de media luna y con textura lisa. Maza de aluminio con forma de martillo y con textura lisa. Apoyado en dolmen de madera.,E:\MMMMMMMM\PRIMERAS\emes95.jpg,E:\MMMMMMMM\SEGUNDAS\1\emes481.jpg,E:\MMMMMMMM\SEGUNDAS\2\emes479.jpg,E:\MMMMMMMM\SEGUNDAS\3\emes483.jpg,E:\MMMMMMMM\DIBUJOS\95.gif
96,21,Eu+Hi(Ap)-X-Hi4Do,Eme de espuma poliuretano y hierro con textura ampollada. Sin maza. Apoyado en 4 patas en dolmen de hierro.,E:\MMMMMMMM\PRIMERAS\emes96.jpg,E:\MMMMMMMM\SEGUNDAS\1\emes484.jpg,E:\MMMMMMMM\SEGUNDAS\2\emes485.jpg,E:\MMMMMMMM\SEGUNDAS\3\emes485a.jpg,E:\MMMMMMMM\DIBUJOS\96.png
97,44,HiCc(LjAs)-X-PvAr,Eme de hierro con forma cóncava y con textura áspera aplicada con lija. Sin maza. Apoyado en arco de pvc.,E:\MMMMMMMM\PRIMERAS\emes97.jpg,E:\MMMMMMMM\SEGUNDAS\1\emes489.jpg,E:\MMMMMMMM\SEGUNDAS\2\emes486.jpg,E:\MMMMMMMM\SEGUNDAS\3\emes488.jpg,E:\MMMMMMMM\DIBUJOS\97.png
98,72,LdCnPo-TcDiPo-Al2Do,Eme de ladrillo con forma de canal y con textura porosa. Maza de terracota con forma de disco y con textura porosa. Apoyado en 2 patas en dolmen de aluminio.,E:\MMMMMMMM\PRIMERAS\emes98.jpg,E:\MMMMMMMM\SEGUNDAS\1\emes494.jpg,E:\MMMMMMMM\SEGUNDAS\2\emes493.jpg,E:\MMMMMMMM\SEGUNDAS\3\emes495.jpg,E:\MMMMMMMM\DIBUJOS\98.png
99,42,Eu(HiPn)-X-MdPd,Eme de espuma poliuretano con textura punzante aplicada con hierro. Sin maza. Apoyado en pedestal de madera.,E:\MMMMMMMM\PRIMERAS\emes99.jpg,E:\MMMMMMMM\SEGUNDAS\1\emes498.jpg,E:\MMMMMMMM\SEGUNDAS\2\emes497.jpg,E:\MMMMMMMM\SEGUNDAS\3\emes496.jpg,E:\MMMMMMMM\DIBUJOS\99.png
100,7,TcCxRg-X-Al2Fs,Eme de terracota con forma convexa y con textura rugosa. Sin maza. Apoyado en 2 patas fasciculadas de aluminio.,E:\MMMMMMMM\PRIMERAS\emes100.jpg,E:\MMMMMMMM\SEGUNDAS\1\emes500.jpg,E:\MMMMMMMM\SEGUNDAS\2\emes501.jpg,E:\MMMMMMMM\SEGUNDAS\3\emes502.jpg,E:\MMMMMMMM\DIBUJOS\100.gif
101,26,HiCyLi-AlTbLi-Hi4Do,Eme de hierro con forma de cilindro y con textura lisa. Maza de aluminio con forma de tubo y con textura lisa. Apoyado en 4 patas en dolmen de hierro.,E:\MMMMMMMM\PRIMERAS\emes101.jpg,E:\MMMMMMMM\SEGUNDAS\1\emes507.jpg,E:\MMMMMMMM\SEGUNDAS\2\emes503.jpg,E:\MMMMMMMM\SEGUNDAS\3\emes504.jpg,E:\MMMMMMMM\DIBUJOS\101.png
102,28,Tc4Vs(EsLi)-X-Sb,Eme de terracota con 4 vasos y con textura lisa aplicada con esmalte. Sin maza. Apoyado directamente en el suelo.,E:\MMMMMMMM\PRIMERAS\emes102.jpg,E:\MMMMMMMM\SEGUNDAS\1\emes511.jpg,E:\MMMMMMMM\SEGUNDAS\2\emes512.jpg,E:\MMMMMMMM\SEGUNDAS\3\emes513.jpg,E:\MMMMMMMM\DIBUJOS\102.png
103,102,EoPlnLi-TxEtmPn-MdPd,Eme de espejo con forma plana y con textura lisa. Maza de tarjeta la caixa con forma estrellada y con textura punzante. Apoyado en pedestal de madera.,E:\MMMMMMMM\PRIMERAS\emes104.jpg,E:\MMMMMMMM\SEGUNDAS\1\emes514.jpg,E:\MMMMMMMM\SEGUNDAS\2\emes516.jpg,E:\MMMMMMMM\SEGUNDAS\3\emes515.jpg,E:\MMMMMMMM\DIBUJOS\104.png
104,90,HiCcLi-X-HiPd,Eme de hierro con forma cóncava y con textura lisa. Sin maza. Apoyado en pedestal de hierro.,E:\MMMMMMMM\PRIMERAS\emes105.jpg,E:\MMMMMMMM\SEGUNDAS\1\emes520.jpg,E:\MMMMMMMM\SEGUNDAS\2\emes518.jpg,E:\MMMMMMMM\SEGUNDAS\3\emes521.jpg,E:\MMMMMMMM\DIBUJOS\105.png
105,87,HiPlnPn-X-YsPd,Eme de hierro con forma plana y con textura punzante. Sin maza. Apoyado en pedestal de yeso.,E:\MMMMMMMM\PRIMERAS\emes106.jpg,E:\MMMMMMMM\SEGUNDAS\1\emes526.jpg,E:\MMMMMMMM\SEGUNDAS\2\emes528.jpg,E:\MMMMMMMM\SEGUNDAS\3\emes527.jpg,E:\MMMMMMMM\DIBUJOS\106.png
106,37,TcCnPo-TcDiPo-Tc7Fs,Eme de terracota con forma de canal y con textura porosa. Maza de terracota con forma de disco y con textura porosa. Apoyado en 7 patas fasciculadas de terracota.,E:\MMMMMMMM\PRIMERAS\emes107.jpg,E:\MMMMMMMM\SEGUNDAS\1\emes529.jpg,E:\MMMMMMMM\SEGUNDAS\2\emes530.jpg,E:\MMMMMMMM\SEGUNDAS\3\emes531.jpg,E:\MMMMMMMM\DIBUJOS\107.png
107,57,AlCc(AlAp)-AlDiRg-AlAr,Eme de aluminio con forma cóncava y con textura ampollada aplicada con aluminio. Maza de aluminio con forma de disco y con textura rugosa. Apoyado en arco de aluminio.,E:\MMMMMMMM\PRIMERAS\emes108.jpg,E:\MMMMMMMM\SEGUNDAS\1\emes537.jpg,E:\MMMMMMMM\SEGUNDAS\2\emes535.jpg,E:\MMMMMMMM\SEGUNDAS\3\emes536.jpg,E:\MMMMMMMM\DIBUJOS\108.png
108,96,TcToRg-X-Tc3Rd,Eme de terracota con forma de toroide y con textura rugosa. Sin maza. Apoyado en 3 patas radiales de terracota.,E:\MMMMMMMM\PRIMERAS\emes109.jpg,E:\MMMMMMMM\SEGUNDAS\1\emes538.jpg,E:\MMMMMMMM\SEGUNDAS\2\emes539.jpg,E:\MMMMMMMM\SEGUNDAS\3\emes540.jpg,E:\MMMMMMMM\DIBUJOS\109.png
109,94,TcMl(EsLi)-TcCyPo-MdPd,Eme de terracota con forma de media luna y con textura lisa aplicada con esmalte. Maza de terracota con forma de cilindro y con textura porosa. Apoyado en pedestal de madera.,E:\MMMMMMMM\PRIMERAS\emes110.jpg,E:\MMMMMMMM\SEGUNDAS\1\emes543.jpg,E:\MMMMMMMM\SEGUNDAS\2\emes545.jpg,E:\MMMMMMMM\SEGUNDAS\3\emes542.jpg,E:\MMMMMMMM\DIBUJOS\110.png